INSERT INTO voluntize.activity (id, description, name, semester, status_id, department) VALUES ('001', '搬运书籍，贴标签等', '2019图书馆公益活动', '2019-2020第一学期', 0, '6177001');
INSERT INTO voluntize.activity (id, description, name, semester, status_id, department) VALUES ('002', '需要电院学生，整理仪器，打扫卫生等', '2019电子实验中心公益活动', '2019-2020第一学期', 1, '6177002');
INSERT INTO voluntize.activity (id, description, name, semester, status_id, department) VALUES ('003', '为了增强学生实践精神，并减小学校各部门工作负担。。。', '2018图书馆公益活动', '2018-2019第二学期', 1, '6177001');
INSERT INTO voluntize.activity (id, description, name, semester, status_id, department) VALUES ('004', '劳动内容：……', '图书馆公益劳动1', null, 1, '6177001');
INSERT INTO voluntize.activity (id, description, name, semester, status_id, department) VALUES ('005', '劳动内容：……', '图书馆公益劳动2', null, 1, '6177001');
INSERT INTO voluntize.activity (id, description, name, semester, status_id, department) VALUES ('006', '劳动内容：……', '图书馆公益劳动3', null, 1, '6177001');
INSERT INTO voluntize.activity (id, description, name, semester, status_id, department) VALUES ('007', '劳动内容：……', '图书馆公益劳动4', null, 1, '6177001');
INSERT INTO voluntize.activity (id, description, name, semester, status_id, department) VALUES ('008', '劳动内容：……', '图书馆（C）公益劳动1', null, 2, '6177002');
INSERT INTO voluntize.activity (id, description, name, semester, status_id, department) VALUES ('009', '劳动内容：……', '图书馆（C）公益劳动2', null, 2, '6177002');
INSERT INTO voluntize.activity (id, description, name, semester, status_id, department) VALUES ('010', '劳动内容：……', '图书馆（C）公益劳动3', null, 2, '6177002');
INSERT INTO voluntize.activity (id, description, name, semester, status_id, department) VALUES ('011', '劳动内容：……', '图书馆（C）公益劳动4', null, 2, '6177002');
INSERT INTO voluntize.activity (id, description, name, semester, status_id, department) VALUES ('012', '劳动内容：……', '教务处公益劳动1', null, 2, '6177003');
INSERT INTO voluntize.activity (id, description, name, semester, status_id, department) VALUES ('013', '劳动内容：……', '教务处公益劳动2', null, 2, '6177003');
INSERT INTO voluntize.activity (id, description, name, semester, status_id, department) VALUES ('014', '劳动内容：……', '教务处公益劳动3', null, 2, '6177003');
INSERT INTO voluntize.activity (id, description, name, semester, status_id, department) VALUES ('015', '劳动内容：……', '教务处公益劳动4', null, 2, '6177003');
INSERT INTO voluntize.activity (id, description, name, semester, status_id, department) VALUES ('016', '劳动内容：……', '财务处公益劳动1', null, 2, '6177004');
INSERT INTO voluntize.activity (id, description, name, semester, status_id, department) VALUES ('017', '劳动内容：……', '财务处公益劳动2', null, 2, '6177004');
INSERT INTO voluntize.activity (id, description, name, semester, status_id, department) VALUES ('018', '劳动内容：……', '财务处公益劳动3', null, 2, '6177004');
INSERT INTO voluntize.activity (id, description, name, semester, status_id, department) VALUES ('019', '劳动内容：……', '财务处公益劳动4', null, 2, '6177004');
INSERT INTO voluntize.activity (id, description, name, semester, status_id, department) VALUES ('020', '劳动内容：……', '图书馆公益劳动5', null, 3, '6177001');
INSERT INTO voluntize.activity (id, description, name, semester, status_id, department) VALUES ('021', '劳动内容：……', '图书馆公益劳动5', null, 3, '6177001');
INSERT INTO voluntize.activity (id, description, name, semester, status_id, department) VALUES ('022', '劳动内容：……', '图书馆公益劳动7', null, 3, '6177001');
INSERT INTO voluntize.activity (id, description, name, semester, status_id, department) VALUES ('023', '劳动内容：……', '图书馆公益劳动8', null, 3, '6177001');
INSERT INTO voluntize.activity (id, description, name, semester, status_id, department) VALUES ('024', '劳动内容：……', '图书馆（C）公益劳动5', null, 3, '6177002');
INSERT INTO voluntize.activity (id, description, name, semester, status_id, department) VALUES ('025', '劳动内容：……', '图书馆（C）公益劳动6', null, 3, '6177002');
INSERT INTO voluntize.activity (id, description, name, semester, status_id, department) VALUES ('026', '劳动内容：……', '图书馆（C）公益劳动7', null, 3, '6177002');
INSERT INTO voluntize.activity (id, description, name, semester, status_id, department) VALUES ('027', '劳动内容：……', '图书馆（C）公益劳动8', null, 3, '6177002');
INSERT INTO voluntize.activity (id, description, name, semester, status_id, department) VALUES ('028', '劳动内容：……', '教务处公益劳动5', null, 3, '6177003');
INSERT INTO voluntize.activity (id, description, name, semester, status_id, department) VALUES ('029', '劳动内容：……', '教务处公益劳动6', null, 3, '6177003');
INSERT INTO voluntize.activity (id, description, name, semester, status_id, department) VALUES ('030', '劳动内容：……', '教务处公益劳动7', null, 3, '6177003');
INSERT INTO voluntize.activity (id, description, name, semester, status_id, department) VALUES ('031', '劳动内容：……', '教务处公益劳动8', null, 3, '6177003');
INSERT INTO voluntize.activity (id, description, name, semester, status_id, department) VALUES ('032', '劳动内容：……', '财务处公益劳动5', null, 3, '6177004');
INSERT INTO voluntize.activity (id, description, name, semester, status_id, department) VALUES ('033', '劳动内容：……', '财务处公益劳动6', null, 3, '6177004');
INSERT INTO voluntize.activity (id, description, name, semester, status_id, department) VALUES ('034', '劳动内容：……', '财务处公益劳动7', null, 3, '6177004');
INSERT INTO voluntize.activity (id, description, name, semester, status_id, department) VALUES ('035', '劳动内容：……', '财务处公益劳动8', null, 3, '6177004');
INSERT INTO voluntize.activity (id, description, name, semester, status_id, department) VALUES ('036', '劳动内容：……', '图书馆公益劳动9', null, 3, '6177001');
INSERT INTO voluntize.activity (id, description, name, semester, status_id, department) VALUES ('037', '劳动内容：……', '图书馆公益劳动10', null, 3, '6177001');
INSERT INTO voluntize.activity (id, description, name, semester, status_id, department) VALUES ('038', '劳动内容：……', '图书馆公益劳动11', null, 3, '6177001');
INSERT INTO voluntize.activity (id, description, name, semester, status_id, department) VALUES ('039', '劳动内容：……', '图书馆公益劳动12', null, 3, '6177001');
INSERT INTO voluntize.activity (id, description, name, semester, status_id, department) VALUES ('0779c44d-4034-47d0-93bf-2d49829ed7ed', '搬运书籍，贴标签等', '2019图书馆公益活动4', '2019-2020第一学期', 0, '6177001');
INSERT INTO voluntize.activity (id, description, name, semester, status_id, department) VALUES ('6e1cd45a-0f16-4444-9f8b-3231f1cf5335', '搬运书籍，贴标签等', '2019图书馆公益活动2', '2019-2020第一学期', 0, '6177001');
INSERT INTO voluntize.activity_period (id, amount_required, end_date, equ_duration, requirements, start_date, period, parent) VALUES ('1', 20, '2020-01-19 18:22:58', 20, '男生搬书', '2020-01-10 18:23:37', '上午8点开始，下午不用来', '1001');
INSERT INTO voluntize.activity_period (id, amount_required, end_date, equ_duration, requirements, start_date, period, parent) VALUES ('10', 32, '2020-02-27 13:34:13', 65, '', '2020-02-16 16:00:00', '下午4点到6点', '1010');
INSERT INTO voluntize.activity_period (id, amount_required, end_date, equ_duration, requirements, start_date, period, parent) VALUES ('11', 51, '2020-02-27 13:34:13', 51, null, '2020-02-16 16:00:00', '上午8点到10点', '1011');
INSERT INTO voluntize.activity_period (id, amount_required, end_date, equ_duration, requirements, start_date, period, parent) VALUES ('12', 11, '2020-02-27 13:34:13', 15, '女生', '2020-02-16 16:00:00', '上午8点到10点', '1012');
INSERT INTO voluntize.activity_period (id, amount_required, end_date, equ_duration, requirements, start_date, period, parent) VALUES ('13', 2, '2020-02-27 13:34:13', 51, null, '2020-02-16 16:00:00', '上午8点到10点', '1013');
INSERT INTO voluntize.activity_period (id, amount_required, end_date, equ_duration, requirements, start_date, period, parent) VALUES ('14', 3, '2020-02-27 13:34:13', 1, null, '2020-02-16 16:00:00', '上午8点到10点', '1014');
INSERT INTO voluntize.activity_period (id, amount_required, end_date, equ_duration, requirements, start_date, period, parent) VALUES ('15', 4, '2020-02-27 13:34:13', 41, '诚实', '2020-02-16 16:00:00', '上午8点到10点', '1015');
INSERT INTO voluntize.activity_period (id, amount_required, end_date, equ_duration, requirements, start_date, period, parent) VALUES ('16', 5, '2020-02-27 13:34:13', 41, null, '2020-02-16 16:00:00', '上午8点到10点', '1016');
INSERT INTO voluntize.activity_period (id, amount_required, end_date, equ_duration, requirements, start_date, period, parent) VALUES ('17', 6, '2020-02-27 13:34:13', 4, null, '2020-02-16 16:00:00', '上午8点到10点', '1017');
INSERT INTO voluntize.activity_period (id, amount_required, end_date, equ_duration, requirements, start_date, period, parent) VALUES ('18', 4, '2020-02-27 13:34:13', 88, '认真者优先', '2020-02-16 16:00:00', '下午4点到6点', '1018');
INSERT INTO voluntize.activity_period (id, amount_required, end_date, equ_duration, requirements, start_date, period, parent) VALUES ('19', 2, '2020-02-27 13:34:13', 7, null, '2020-02-16 16:00:00', '下午4点到6点', '1019');
INSERT INTO voluntize.activity_period (id, amount_required, end_date, equ_duration, requirements, start_date, period, parent) VALUES ('2', 10, '2020-01-19 18:25:25', 20, '女生贴标签', '2020-01-13 18:26:00', '下午2点开始，上午不用来', '1002');
INSERT INTO voluntize.activity_period (id, amount_required, end_date, equ_duration, requirements, start_date, period, parent) VALUES ('20', 10, '2020-02-27 13:34:13', 20, '', '2020-02-16 08:00:00', '下午4点到6点', '1020');
INSERT INTO voluntize.activity_period (id, amount_required, end_date, equ_duration, requirements, start_date, period, parent) VALUES ('21', 20, '2020-02-27 13:34:13', 10, '无', '2020-02-17 16:00:00', '下午4点到6点', '1021');
INSERT INTO voluntize.activity_period (id, amount_required, end_date, equ_duration, requirements, start_date, period, parent) VALUES ('22', 20, '2020-02-27 13:34:13', 5, '男生', '2020-02-18 16:00:00', '下午4点到6点', '1022');
INSERT INTO voluntize.activity_period (id, amount_required, end_date, equ_duration, requirements, start_date, period, parent) VALUES ('23', 20, '2020-02-27 13:34:13', 62, null, '2020-02-19 16:00:00', '上午8点到10点', '1023');
INSERT INTO voluntize.activity_period (id, amount_required, end_date, equ_duration, requirements, start_date, period, parent) VALUES ('24', 456, '2020-02-27 13:34:13', 12, null, '2020-02-16 16:00:00', '下午4点到6点', '1024');
INSERT INTO voluntize.activity_period (id, amount_required, end_date, equ_duration, requirements, start_date, period, parent) VALUES ('25', 1, '2020-02-27 13:34:13', 32, '经管院优先', '2020-02-16 16:00:00', '下午4点到6点', '1025');
INSERT INTO voluntize.activity_period (id, amount_required, end_date, equ_duration, requirements, start_date, period, parent) VALUES ('26', 32, '2020-02-27 13:34:13', 65, '', '2020-02-16 16:00:00', '下午4点到6点', '1026');
INSERT INTO voluntize.activity_period (id, amount_required, end_date, equ_duration, requirements, start_date, period, parent) VALUES ('27', 51, '2020-02-27 13:34:13', 51, null, '2020-02-16 16:00:00', '上午8点到10点', '1027');
INSERT INTO voluntize.activity_period (id, amount_required, end_date, equ_duration, requirements, start_date, period, parent) VALUES ('28', 11, '2020-02-27 13:34:13', 15, '女生', '2020-02-16 16:00:00', '上午8点到10点', '1028');
INSERT INTO voluntize.activity_period (id, amount_required, end_date, equ_duration, requirements, start_date, period, parent) VALUES ('29', 2, '2020-02-27 13:34:13', 51, null, '2020-02-16 16:00:00', '上午8点到10点', '1029');
INSERT INTO voluntize.activity_period (id, amount_required, end_date, equ_duration, requirements, start_date, period, parent) VALUES ('3', 14, '2020-02-27 13:34:13', 15, 'sdfgsdfg', '2020-01-27 13:34:13', 'wertwertq', '1003');
INSERT INTO voluntize.activity_period (id, amount_required, end_date, equ_duration, requirements, start_date, period, parent) VALUES ('30', 3, '2020-02-27 13:34:13', 1, null, '2020-02-16 16:00:00', '上午8点到10点', '1030');
INSERT INTO voluntize.activity_period (id, amount_required, end_date, equ_duration, requirements, start_date, period, parent) VALUES ('31', 4, '2020-02-27 13:34:13', 41, '诚实', '2020-02-16 16:00:00', '上午8点到10点', '1031');
INSERT INTO voluntize.activity_period (id, amount_required, end_date, equ_duration, requirements, start_date, period, parent) VALUES ('32', 5, '2020-02-27 13:34:13', 41, null, '2020-02-16 16:00:00', '上午8点到10点', '1032');
INSERT INTO voluntize.activity_period (id, amount_required, end_date, equ_duration, requirements, start_date, period, parent) VALUES ('33', 6, '2020-02-27 13:34:13', 4, null, '2020-02-16 16:00:00', '上午8点到10点', '1033');
INSERT INTO voluntize.activity_period (id, amount_required, end_date, equ_duration, requirements, start_date, period, parent) VALUES ('34', 4, '2020-02-27 13:34:13', 88, '认真者优先', '2020-02-16 16:00:00', '下午4点到6点', '1034');
INSERT INTO voluntize.activity_period (id, amount_required, end_date, equ_duration, requirements, start_date, period, parent) VALUES ('35', 2, '2020-02-27 13:34:13', 7, null, '2020-02-16 16:00:00', '下午4点到6点', '1035');
INSERT INTO voluntize.activity_period (id, amount_required, end_date, equ_duration, requirements, start_date, period, parent) VALUES ('36', 11, '2020-02-27 13:34:13', 15, '女生', '2020-02-16 16:00:00', '上午8点到10点', '1036');
INSERT INTO voluntize.activity_period (id, amount_required, end_date, equ_duration, requirements, start_date, period, parent) VALUES ('37', 2, '2020-02-27 13:34:13', 51, null, '2020-02-16 16:00:00', '上午8点到10点', '1037');
INSERT INTO voluntize.activity_period (id, amount_required, end_date, equ_duration, requirements, start_date, period, parent) VALUES ('38', 3, '2020-02-27 13:34:13', 1, null, '2020-02-16 16:00:00', '上午8点到10点', '1038');
INSERT INTO voluntize.activity_period (id, amount_required, end_date, equ_duration, requirements, start_date, period, parent) VALUES ('39', 4, '2020-02-27 13:34:13', 41, '诚实', '2020-02-16 16:00:00', '上午8点到10点', '1039');
INSERT INTO voluntize.activity_period (id, amount_required, end_date, equ_duration, requirements, start_date, period, parent) VALUES ('4', 10, '2020-02-27 13:34:13', 20, '', '2020-02-16 08:00:00', '下午4点到6点', '1004');
INSERT INTO voluntize.activity_period (id, amount_required, end_date, equ_duration, requirements, start_date, period, parent) VALUES ('5', 20, '2020-02-27 13:34:13', 10, '无', '2020-02-17 16:00:00', '下午4点到6点', '1005');
INSERT INTO voluntize.activity_period (id, amount_required, end_date, equ_duration, requirements, start_date, period, parent) VALUES ('6', 20, '2020-02-27 13:34:13', 5, '男生', '2020-02-18 16:00:00', '下午4点到6点', '1006');
INSERT INTO voluntize.activity_period (id, amount_required, end_date, equ_duration, requirements, start_date, period, parent) VALUES ('7', 20, '2020-02-27 13:34:13', 62, null, '2020-02-19 16:00:00', '上午8点到10点', '1007');
INSERT INTO voluntize.activity_period (id, amount_required, end_date, equ_duration, requirements, start_date, period, parent) VALUES ('8', 456, '2020-02-27 13:34:13', 12, null, '2020-02-16 16:00:00', '下午4点到6点', '1008');
INSERT INTO voluntize.activity_period (id, amount_required, end_date, equ_duration, requirements, start_date, period, parent) VALUES ('9', 1, '2020-02-27 13:34:13', 32, '经管院优先', '2020-02-16 16:00:00', '下午4点到6点', '1009');
INSERT INTO voluntize.activity_station (id, description, linkman, station_name, phone_num, parent_activity) VALUES ('1001', 'adoifudnxiudsaoyfuiaofnyuadiof', '张三', '主C 101', '61772591', '001');
INSERT INTO voluntize.activity_station (id, description, linkman, station_name, phone_num, parent_activity) VALUES ('1002', '任意内容', '李四', '图书馆主馆101', '61773253', '002');
INSERT INTO voluntize.activity_station (id, description, linkman, station_name, phone_num, parent_activity) VALUES ('1003', '任意内容', '王五', '图书馆主馆305', '61773241', '003');
INSERT INTO voluntize.activity_station (id, description, linkman, station_name, phone_num, parent_activity) VALUES ('1004', null, '赵一', '地点1', '15311111111', '004');
INSERT INTO voluntize.activity_station (id, description, linkman, station_name, phone_num, parent_activity) VALUES ('1005', null, '赵二', '地点2', '15311111111', '005');
INSERT INTO voluntize.activity_station (id, description, linkman, station_name, phone_num, parent_activity) VALUES ('1006', null, '赵三', '地点3', '15311111111', '006');
INSERT INTO voluntize.activity_station (id, description, linkman, station_name, phone_num, parent_activity) VALUES ('1007', null, '赵四', '地点4', '15311111111', '007');
INSERT INTO voluntize.activity_station (id, description, linkman, station_name, phone_num, parent_activity) VALUES ('1008', null, '钱一', '地点5', '15311111112', '008');
INSERT INTO voluntize.activity_station (id, description, linkman, station_name, phone_num, parent_activity) VALUES ('1009', null, '钱二', '地点6', '15311111111', '009');
INSERT INTO voluntize.activity_station (id, description, linkman, station_name, phone_num, parent_activity) VALUES ('1010', null, '钱三', '地点7', '15311111111', '010');
INSERT INTO voluntize.activity_station (id, description, linkman, station_name, phone_num, parent_activity) VALUES ('1011', null, '钱四', '地点8', '15311111111', '011');
INSERT INTO voluntize.activity_station (id, description, linkman, station_name, phone_num, parent_activity) VALUES ('1012', null, '孙一', '地点9', '15311111111', '012');
INSERT INTO voluntize.activity_station (id, description, linkman, station_name, phone_num, parent_activity) VALUES ('1013', null, '孙二', '地点10', '15311111111', '013');
INSERT INTO voluntize.activity_station (id, description, linkman, station_name, phone_num, parent_activity) VALUES ('1014', null, '孙三', '地点11', '15311111111', '014');
INSERT INTO voluntize.activity_station (id, description, linkman, station_name, phone_num, parent_activity) VALUES ('1015', null, '孙四', '地点12', '15631245555', '015');
INSERT INTO voluntize.activity_station (id, description, linkman, station_name, phone_num, parent_activity) VALUES ('1016', null, '李一', '地点13', '15311111112', '016');
INSERT INTO voluntize.activity_station (id, description, linkman, station_name, phone_num, parent_activity) VALUES ('1017', null, '李二', '地点14', '15635146465', '017');
INSERT INTO voluntize.activity_station (id, description, linkman, station_name, phone_num, parent_activity) VALUES ('1018', null, '李三', '地点15', '14564465465', '018');
INSERT INTO voluntize.activity_station (id, description, linkman, station_name, phone_num, parent_activity) VALUES ('1019', null, '李四', '地点16', '15354654656', '019');
INSERT INTO voluntize.activity_station (id, description, linkman, station_name, phone_num, parent_activity) VALUES ('1020', null, '赵一', '地点1', '15311111111', '020');
INSERT INTO voluntize.activity_station (id, description, linkman, station_name, phone_num, parent_activity) VALUES ('1021', null, '赵二', '地点2', '15311111111', '021');
INSERT INTO voluntize.activity_station (id, description, linkman, station_name, phone_num, parent_activity) VALUES ('1022', null, '赵三', '地点3', '15311111111', '022');
INSERT INTO voluntize.activity_station (id, description, linkman, station_name, phone_num, parent_activity) VALUES ('1023', null, '赵四', '地点4', '15311111111', '023');
INSERT INTO voluntize.activity_station (id, description, linkman, station_name, phone_num, parent_activity) VALUES ('1024', null, '钱一', '地点5', '15311111112', '024');
INSERT INTO voluntize.activity_station (id, description, linkman, station_name, phone_num, parent_activity) VALUES ('1025', null, '钱二', '地点6', '15311111111', '025');
INSERT INTO voluntize.activity_station (id, description, linkman, station_name, phone_num, parent_activity) VALUES ('1026', null, '钱三', '地点7', '15311111111', '026');
INSERT INTO voluntize.activity_station (id, description, linkman, station_name, phone_num, parent_activity) VALUES ('1027', null, '钱四', '地点8', '15311111111', '027');
INSERT INTO voluntize.activity_station (id, description, linkman, station_name, phone_num, parent_activity) VALUES ('1028', null, '孙一', '地点9', '15311111111', '028');
INSERT INTO voluntize.activity_station (id, description, linkman, station_name, phone_num, parent_activity) VALUES ('1029', null, '孙二', '地点10', '15311111111', '029');
INSERT INTO voluntize.activity_station (id, description, linkman, station_name, phone_num, parent_activity) VALUES ('1030', null, '孙三', '地点11', '15311111111', '030');
INSERT INTO voluntize.activity_station (id, description, linkman, station_name, phone_num, parent_activity) VALUES ('1031', null, '孙四', '地点12', '15631245555', '031');
INSERT INTO voluntize.activity_station (id, description, linkman, station_name, phone_num, parent_activity) VALUES ('1032', null, '李一', '地点13', '15311111112', '032');
INSERT INTO voluntize.activity_station (id, description, linkman, station_name, phone_num, parent_activity) VALUES ('1033', null, '李二', '地点14', '15635146465', '033');
INSERT INTO voluntize.activity_station (id, description, linkman, station_name, phone_num, parent_activity) VALUES ('1034', null, '李三', '地点15', '14564465465', '034');
INSERT INTO voluntize.activity_station (id, description, linkman, station_name, phone_num, parent_activity) VALUES ('1035', null, '李四', '地点16', '15354654656', '035');
INSERT INTO voluntize.activity_station (id, description, linkman, station_name, phone_num, parent_activity) VALUES ('1036', null, '赵一', '地点1', '15311111111', '036');
INSERT INTO voluntize.activity_station (id, description, linkman, station_name, phone_num, parent_activity) VALUES ('1037', null, '赵二', '地点2', '15311111111', '037');
INSERT INTO voluntize.activity_station (id, description, linkman, station_name, phone_num, parent_activity) VALUES ('1038', null, '赵三', '地点3', '15311111111', '038');
INSERT INTO voluntize.activity_station (id, description, linkman, station_name, phone_num, parent_activity) VALUES ('1039', null, '赵四', '地点4', '15311111111', '039');
INSERT INTO voluntize.comment (id, description, time, activity, department, parent_comment, student) VALUES ('074c0a8e-b6b2-425c-b31f-e4badd6cfaf1', '老师很棒', '2020-01-27 02:42:41', '001', null, null, '120171020201');
INSERT INTO voluntize.comment (id, description, time, activity, department, parent_comment, student) VALUES ('2fc14154-4f8a-4ef3-902e-39b40ee29666', '该评论已被删除', '2020-01-27 02:43:21', '001', null, null, '120171020201');
INSERT INTO voluntize.comment (id, description, time, activity, department, parent_comment, student) VALUES ('3001', '老师很棒', '2019-03-13 12:30:13', '001', '6177001', null, '120181080701');
INSERT INTO voluntize.comment (id, description, time, activity, department, parent_comment, student) VALUES ('3002', '认真', '2019-03-13 09:51:00', '001', '6177001', null, null);
INSERT INTO voluntize.comment (id, description, time, activity, department, parent_comment, student) VALUES ('3004', '棒', '2020-01-27 02:50:34', '001', null, null, '120171020201');
INSERT INTO voluntize.comment (id, description, time, activity, department, parent_comment, student) VALUES ('3005', '棒', '2020-01-27 02:54:39', '001', null, null, '120171020201');
INSERT INTO voluntize.comment (id, description, time, activity, department, parent_comment, student) VALUES ('3006', 'zcvx', '2020-01-26 23:56:37', '001', null, null, '120171020201');
INSERT INTO voluntize.comment (id, description, time, activity, department, parent_comment, student) VALUES ('3007', 'wert', '2020-01-26 23:59:17', '001', null, '3002', '120171020201');
INSERT INTO voluntize.comment (id, description, time, activity, department, parent_comment, student) VALUES ('3008', 'dghf', '2020-01-26 23:59:17', '001', null, '3002', '120171020201');
INSERT INTO voluntize.comment (id, description, time, activity, department, parent_comment, student) VALUES ('3010', 'ttyui', '2020-01-26 23:59:17', '001', '6177001', '3005', null);
INSERT INTO voluntize.comment (id, description, time, activity, department, parent_comment, student) VALUES ('3011', 'asdfq', '2020-01-26 23:59:17', '001', '6177001', '3010', null);
INSERT INTO voluntize.department (id, email, manager, name, password, phone_num) VALUES ('6177001', null, null, '图书馆（主）', '123456', null);
INSERT INTO voluntize.department (id, email, manager, name, password, phone_num) VALUES ('6177002', null, null, '图书馆（C）', '123456', null);
INSERT INTO voluntize.department (id, email, manager, name, password, phone_num) VALUES ('6177003', null, null, '教务处', '123456', null);
INSERT INTO voluntize.department (id, email, manager, name, password, phone_num) VALUES ('6177004', null, null, '财务处', '123456', null);
INSERT INTO voluntize.image (id, name, url, activity, comment, department, student) VALUES ('3b56e824-ebb3-4b68-bc52-4dcf403374f6', null, 'https://image.baidu.com/search/detail?ct=503316480&z=0&ipn=false&word=%E5%A4%B4%E5%83%8F&step_word=&hs=0&pn=42&spn=0&di=53570&pi=0&rn=1&tn=baiduimagedetail&is=0%2C0&istype=2&ie=utf-8&oe=utf-8&in=&cl=2&lm=-1&st=-1&cs=3117110987%2C173625746&os=2075175500%2C824963435&simid=0%2C0&adpicid=0&lpn=0&ln=3718&fr=&fmq=1579421350054_R&fm=result&ic=&s=undefined&hd=&latest=&copyright=&se=&sme=&tab=0&width=&height=&face=undefined&ist=&jit=&cg=head&bdtype=0&oriquery=&objurl=http%3A%2F%2Fimg2.woyaogexing.com%2F2018%2F03%2F10%2F9a68831f24d2985b!360x360_big.jpg&fromurl=ippr_z2C%24qAzdH3FAzdH3Fooo_z%26e3Bo5yw52jxtg2_z%26e3Bv54AzdH3Fp57xtwg2AzdH3FojtxtgAzdH3Fda8bAzdH3Fclmaac_z%26e3Bip4s&gsm=&rpstart=0&rpnum=0&islist=&querylist=&force=undefined', null, null, null, '120181080703');
INSERT INTO voluntize.image (id, name, url, activity, comment, department, student) VALUES ('4001', null, 'https://image.baidu.com/search/detail?ct=503316480&z=0&ipn=false&word=%E5%A4%B4%E5%83%8F&step_word=&hs=0&pn=42&spn=0&di=53570&pi=0&rn=1&tn=baiduimagedetail&is=0%2C0&istype=2&ie=utf-8&oe=utf-8&in=&cl=2&lm=-1&st=-1&cs=3117110987%2C173625746&os=2075175500%2C824963435&simid=0%2C0&adpicid=0&lpn=0&ln=3718&fr=&fmq=1579421350054_R&fm=result&ic=&s=undefined&hd=&latest=&copyright=&se=&sme=&tab=0&width=&height=&face=undefined&ist=&jit=&cg=head&bdtype=0&oriquery=&objurl=http%3A%2F%2Fimg2.woyaogexing.com%2F2018%2F03%2F10%2F9a68831f24d2985b!360x360_big.jpg&fromurl=ippr_z2C%24qAzdH3FAzdH3Fooo_z%26e3Bo5yw52jxtg2_z%26e3Bv54AzdH3Fp57xtwg2AzdH3FojtxtgAzdH3Fda8bAzdH3Fclmaac_z%26e3Bip4s&gsm=&rpstart=0&rpnum=0&islist=&querylist=&force=undefined', null, null, null, '120181080701');
INSERT INTO voluntize.image (id, name, url, activity, comment, department, student) VALUES ('4002', null, 'https://image.baidu.com/search/detail?ct=503316480&z=0&ipn=false&word=%E5%A4%B4%E5%83%8F&step_word=&hs=0&pn=42&spn=0&di=53570&pi=0&rn=1&tn=baiduimagedetail&is=0%2C0&istype=2&ie=utf-8&oe=utf-8&in=&cl=2&lm=-1&st=-1&cs=3117110987%2C173625746&os=2075175500%2C824963435&simid=0%2C0&adpicid=0&lpn=0&ln=3718&fr=&fmq=1579421350054_R&fm=result&ic=&s=undefined&hd=&latest=&copyright=&se=&sme=&tab=0&width=&height=&face=undefined&ist=&jit=&cg=head&bdtype=0&oriquery=&objurl=http%3A%2F%2Fimg2.woyaogexing.com%2F2018%2F03%2F10%2F9a68831f24d2985b!360x360_big.jpg&fromurl=ippr_z2C%24qAzdH3FAzdH3Fooo_z%26e3Bo5yw52jxtg2_z%26e3Bv54AzdH3Fp57xtwg2AzdH3FojtxtgAzdH3Fda8bAzdH3Fclmaac_z%26e3Bip4s&gsm=&rpstart=0&rpnum=0&islist=&querylist=&force=undefined', null, null, null, '120181080702');
INSERT INTO voluntize.image (id, name, url, activity, comment, department, student) VALUES ('4003', null, 'https://image.baidu.com/search/detail?ct=503316480&z=0&ipn=false&word=%E5%A4%B4%E5%83%8F&step_word=&hs=0&pn=42&spn=0&di=53570&pi=0&rn=1&tn=baiduimagedetail&is=0%2C0&istype=2&ie=utf-8&oe=utf-8&in=&cl=2&lm=-1&st=-1&cs=3117110987%2C173625746&os=2075175500%2C824963435&simid=0%2C0&adpicid=0&lpn=0&ln=3718&fr=&fmq=1579421350054_R&fm=result&ic=&s=undefined&hd=&latest=&copyright=&se=&sme=&tab=0&width=&height=&face=undefined&ist=&jit=&cg=head&bdtype=0&oriquery=&objurl=http%3A%2F%2Fimg2.woyaogexing.com%2F2018%2F03%2F10%2F9a68831f24d2985b!360x360_big.jpg&fromurl=ippr_z2C%24qAzdH3FAzdH3Fooo_z%26e3Bo5yw52jxtg2_z%26e3Bv54AzdH3Fp57xtwg2AzdH3FojtxtgAzdH3Fda8bAzdH3Fclmaac_z%26e3Bip4s&gsm=&rpstart=0&rpnum=0&islist=&querylist=&force=undefined', null, null, null, '120181080703');
INSERT INTO voluntize.image (id, name, url, activity, comment, department, student) VALUES ('4004', null, 'https://image.baidu.com/search/detail?ct=503316480&z=0&ipn=false&word=%E5%A4%B4%E5%83%8F&step_word=&hs=0&pn=42&spn=0&di=53570&pi=0&rn=1&tn=baiduimagedetail&is=0%2C0&istype=2&ie=utf-8&oe=utf-8&in=&cl=2&lm=-1&st=-1&cs=3117110987%2C173625746&os=2075175500%2C824963435&simid=0%2C0&adpicid=0&lpn=0&ln=3718&fr=&fmq=1579421350054_R&fm=result&ic=&s=undefined&hd=&latest=&copyright=&se=&sme=&tab=0&width=&height=&face=undefined&ist=&jit=&cg=head&bdtype=0&oriquery=&objurl=http%3A%2F%2Fimg2.woyaogexing.com%2F2018%2F03%2F10%2F9a68831f24d2985b!360x360_big.jpg&fromurl=ippr_z2C%24qAzdH3FAzdH3Fooo_z%26e3Bo5yw52jxtg2_z%26e3Bv54AzdH3Fp57xtwg2AzdH3FojtxtgAzdH3Fda8bAzdH3Fclmaac_z%26e3Bip4s&gsm=&rpstart=0&rpnum=0&islist=&querylist=&force=undefined', null, null, null, '120181080704');
INSERT INTO voluntize.image (id, name, url, activity, comment, department, student) VALUES ('4005', null, 'https://image.baidu.com/search/detail?ct=503316480&z=0&ipn=false&word=%E5%A4%B4%E5%83%8F&step_word=&hs=0&pn=42&spn=0&di=53570&pi=0&rn=1&tn=baiduimagedetail&is=0%2C0&istype=2&ie=utf-8&oe=utf-8&in=&cl=2&lm=-1&st=-1&cs=3117110987%2C173625746&os=2075175500%2C824963435&simid=0%2C0&adpicid=0&lpn=0&ln=3718&fr=&fmq=1579421350054_R&fm=result&ic=&s=undefined&hd=&latest=&copyright=&se=&sme=&tab=0&width=&height=&face=undefined&ist=&jit=&cg=head&bdtype=0&oriquery=&objurl=http%3A%2F%2Fimg2.woyaogexing.com%2F2018%2F03%2F10%2F9a68831f24d2985b!360x360_big.jpg&fromurl=ippr_z2C%24qAzdH3FAzdH3Fooo_z%26e3Bo5yw52jxtg2_z%26e3Bv54AzdH3Fp57xtwg2AzdH3FojtxtgAzdH3Fda8bAzdH3Fclmaac_z%26e3Bip4s&gsm=&rpstart=0&rpnum=0&islist=&querylist=&force=undefined', null, null, null, '120171020204');
INSERT INTO voluntize.image (id, name, url, activity, comment, department, student) VALUES ('4006', null, 'https://image.baidu.com/search/detail?ct=503316480&z=0&ipn=false&word=%E5%A4%B4%E5%83%8F&step_word=&hs=0&pn=42&spn=0&di=53570&pi=0&rn=1&tn=baiduimagedetail&is=0%2C0&istype=2&ie=utf-8&oe=utf-8&in=&cl=2&lm=-1&st=-1&cs=3117110987%2C173625746&os=2075175500%2C824963435&simid=0%2C0&adpicid=0&lpn=0&ln=3718&fr=&fmq=1579421350054_R&fm=result&ic=&s=undefined&hd=&latest=&copyright=&se=&sme=&tab=0&width=&height=&face=undefined&ist=&jit=&cg=head&bdtype=0&oriquery=&objurl=http%3A%2F%2Fimg2.woyaogexing.com%2F2018%2F03%2F10%2F9a68831f24d2985b!360x360_big.jpg&fromurl=ippr_z2C%24qAzdH3FAzdH3Fooo_z%26e3Bo5yw52jxtg2_z%26e3Bv54AzdH3Fp57xtwg2AzdH3FojtxtgAzdH3Fda8bAzdH3Fclmaac_z%26e3Bip4s&gsm=&rpstart=0&rpnum=0&islist=&querylist=&force=undefined', null, null, null, '120171020203');
INSERT INTO voluntize.image (id, name, url, activity, comment, department, student) VALUES ('4007', null, 'https://image.baidu.com/search/detail?ct=503316480&z=0&ipn=false&word=%E5%A4%B4%E5%83%8F&step_word=&hs=0&pn=42&spn=0&di=53570&pi=0&rn=1&tn=baiduimagedetail&is=0%2C0&istype=2&ie=utf-8&oe=utf-8&in=&cl=2&lm=-1&st=-1&cs=3117110987%2C173625746&os=2075175500%2C824963435&simid=0%2C0&adpicid=0&lpn=0&ln=3718&fr=&fmq=1579421350054_R&fm=result&ic=&s=undefined&hd=&latest=&copyright=&se=&sme=&tab=0&width=&height=&face=undefined&ist=&jit=&cg=head&bdtype=0&oriquery=&objurl=http%3A%2F%2Fimg2.woyaogexing.com%2F2018%2F03%2F10%2F9a68831f24d2985b!360x360_big.jpg&fromurl=ippr_z2C%24qAzdH3FAzdH3Fooo_z%26e3Bo5yw52jxtg2_z%26e3Bv54AzdH3Fp57xtwg2AzdH3FojtxtgAzdH3Fda8bAzdH3Fclmaac_z%26e3Bip4s&gsm=&rpstart=0&rpnum=0&islist=&querylist=&force=undefined', null, null, null, '120171020201');
INSERT INTO voluntize.image (id, name, url, activity, comment, department, student) VALUES ('4008', null, 'https://image.baidu.com/search/detail?ct=503316480&z=0&ipn=false&word=%E5%A4%B4%E5%83%8F&step_word=&hs=0&pn=36&spn=0&di=224840&pi=0&rn=1&tn=baiduimagedetail&is=0%2C0&istype=2&ie=utf-8&oe=utf-8&in=&cl=2&lm=-1&st=-1&cs=4163580791%2C1286387910&os=1384471263%2C3542048267&simid=0%2C0&adpicid=0&lpn=0&ln=3718&fr=&fmq=1579421350054_R&fm=result&ic=&s=undefined&hd=&latest=&copyright=&se=&sme=&tab=0&width=&height=&face=undefined&ist=&jit=&cg=head&bdtype=0&oriquery=&objurl=http%3A%2F%2Fb-ssl.duitang.com%2Fuploads%2Fitem%2F201610%2F15%2F20161015073047_nTMaz.thumb.700_0.jpeg&fromurl=ippr_z2C%24qAzdH3FAzdH3Fooo_z%26e3B17tpwg2_z%26e3Bv54AzdH3Fks52AzdH3F%3Ft1%3D08888ambb&gsm=&rpstart=0&rpnum=0&islist=&querylist=&force=undefined', null, null, '6177001', null);
INSERT INTO voluntize.image (id, name, url, activity, comment, department, student) VALUES ('4009', null, 'https://image.baidu.com/search/detail?ct=503316480&z=0&ipn=false&word=%E5%A4%B4%E5%83%8F&step_word=&hs=0&pn=36&spn=0&di=224840&pi=0&rn=1&tn=baiduimagedetail&is=0%2C0&istype=2&ie=utf-8&oe=utf-8&in=&cl=2&lm=-1&st=-1&cs=4163580791%2C1286387910&os=1384471263%2C3542048267&simid=0%2C0&adpicid=0&lpn=0&ln=3718&fr=&fmq=1579421350054_R&fm=result&ic=&s=undefined&hd=&latest=&copyright=&se=&sme=&tab=0&width=&height=&face=undefined&ist=&jit=&cg=head&bdtype=0&oriquery=&objurl=http%3A%2F%2Fb-ssl.duitang.com%2Fuploads%2Fitem%2F201610%2F15%2F20161015073047_nTMaz.thumb.700_0.jpeg&fromurl=ippr_z2C%24qAzdH3FAzdH3Fooo_z%26e3B17tpwg2_z%26e3Bv54AzdH3Fks52AzdH3F%3Ft1%3D08888ambb&gsm=&rpstart=0&rpnum=0&islist=&querylist=&force=undefined', null, null, '6177002', null);
INSERT INTO voluntize.image (id, name, url, activity, comment, department, student) VALUES ('4010', null, 'https://image.baidu.com/search/detail?ct=503316480&z=0&ipn=false&word=%E5%A4%B4%E5%83%8F&step_word=&hs=0&pn=36&spn=0&di=224840&pi=0&rn=1&tn=baiduimagedetail&is=0%2C0&istype=2&ie=utf-8&oe=utf-8&in=&cl=2&lm=-1&st=-1&cs=4163580791%2C1286387910&os=1384471263%2C3542048267&simid=0%2C0&adpicid=0&lpn=0&ln=3718&fr=&fmq=1579421350054_R&fm=result&ic=&s=undefined&hd=&latest=&copyright=&se=&sme=&tab=0&width=&height=&face=undefined&ist=&jit=&cg=head&bdtype=0&oriquery=&objurl=http%3A%2F%2Fb-ssl.duitang.com%2Fuploads%2Fitem%2F201610%2F15%2F20161015073047_nTMaz.thumb.700_0.jpeg&fromurl=ippr_z2C%24qAzdH3FAzdH3Fooo_z%26e3B17tpwg2_z%26e3Bv54AzdH3Fks52AzdH3F%3Ft1%3D08888ambb&gsm=&rpstart=0&rpnum=0&islist=&querylist=&force=undefined', null, null, '6177003', null);
INSERT INTO voluntize.image (id, name, url, activity, comment, department, student) VALUES ('4011', null, 'https://image.baidu.com/search/detail?ct=503316480&z=0&ipn=false&word=%E5%A4%B4%E5%83%8F&step_word=&hs=0&pn=36&spn=0&di=224840&pi=0&rn=1&tn=baiduimagedetail&is=0%2C0&istype=2&ie=utf-8&oe=utf-8&in=&cl=2&lm=-1&st=-1&cs=4163580791%2C1286387910&os=1384471263%2C3542048267&simid=0%2C0&adpicid=0&lpn=0&ln=3718&fr=&fmq=1579421350054_R&fm=result&ic=&s=undefined&hd=&latest=&copyright=&se=&sme=&tab=0&width=&height=&face=undefined&ist=&jit=&cg=head&bdtype=0&oriquery=&objurl=http%3A%2F%2Fb-ssl.duitang.com%2Fuploads%2Fitem%2F201610%2F15%2F20161015073047_nTMaz.thumb.700_0.jpeg&fromurl=ippr_z2C%24qAzdH3FAzdH3Fooo_z%26e3B17tpwg2_z%26e3Bv54AzdH3Fks52AzdH3F%3Ft1%3D08888ambb&gsm=&rpstart=0&rpnum=0&islist=&querylist=&force=undefined', null, null, '6177004', null);
INSERT INTO voluntize.image (id, name, url, activity, comment, department, student) VALUES ('581ffcb7-2592-454f-a861-f515390f7bc2', null, 'https://image.baidu.com/search/detail?ct=503316480&z=0&ipn=false&word=%E5%A4%B4%E5%83%8F&step_word=&hs=0&pn=42&spn=0&di=53570&pi=0&rn=1&tn=baiduimagedetail&is=0%2C0&istype=2&ie=utf-8&oe=utf-8&in=&cl=2&lm=-1&st=-1&cs=3117110987%2C173625746&os=2075175500%2C824963435&simid=0%2C0&adpicid=0&lpn=0&ln=3718&fr=&fmq=1579421350054_R&fm=result&ic=&s=undefined&hd=&latest=&copyright=&se=&sme=&tab=0&width=&height=&face=undefined&ist=&jit=&cg=head&bdtype=0&oriquery=&objurl=http%3A%2F%2Fimg2.woyaogexing.com%2F2018%2F03%2F10%2F9a68831f24d2985b!360x360_big.jpg&fromurl=ippr_z2C%24qAzdH3FAzdH3Fooo_z%26e3Bo5yw52jxtg2_z%26e3Bv54AzdH3Fp57xtwg2AzdH3FojtxtgAzdH3Fda8bAzdH3Fclmaac_z%26e3Bip4s&gsm=&rpstart=0&rpnum=0&islist=&querylist=&force=undefined', null, null, null, '120181080703');
INSERT INTO voluntize.image (id, name, url, activity, comment, department, student) VALUES ('72b26e23-be06-4867-a81e-6563c396ba29', null, 'https://image.baidu.com/search/detail?ct=503316480&z=0&ipn=false&word=%E5%A4%B4%E5%83%8F&step_word=&hs=0&pn=42&spn=0&di=53570&pi=0&rn=1&tn=baiduimagedetail&is=0%2C0&istype=2&ie=utf-8&oe=utf-8&in=&cl=2&lm=-1&st=-1&cs=3117110987%2C173625746&os=2075175500%2C824963435&simid=0%2C0&adpicid=0&lpn=0&ln=3718&fr=&fmq=1579421350054_R&fm=result&ic=&s=undefined&hd=&latest=&copyright=&se=&sme=&tab=0&width=&height=&face=undefined&ist=&jit=&cg=head&bdtype=0&oriquery=&objurl=http%3A%2F%2Fimg2.woyaogexing.com%2F2018%2F03%2F10%2F9a68831f24d2985b!360x360_big.jpg&fromurl=ippr_z2C%24qAzdH3FAzdH3Fooo_z%26e3Bo5yw52jxtg2_z%26e3Bv54AzdH3Fp57xtwg2AzdH3FojtxtgAzdH3Fda8bAzdH3Fclmaac_z%26e3Bip4s&gsm=&rpstart=0&rpnum=0&islist=&querylist=&force=undefined', null, null, null, '120181080703');
INSERT INTO voluntize.image (id, name, url, activity, comment, department, student) VALUES ('a96d1bdc-554c-47f2-b5ae-914d78ebf9ae', null, 'https://image.baidu.com/search/detail?ct=503316480&z=0&ipn=false&word=%E5%A4%B4%E5%83%8F&step_word=&hs=0&pn=42&spn=0&di=53570&pi=0&rn=1&tn=baiduimagedetail&is=0%2C0&istype=2&ie=utf-8&oe=utf-8&in=&cl=2&lm=-1&st=-1&cs=3117110987%2C173625746&os=2075175500%2C824963435&simid=0%2C0&adpicid=0&lpn=0&ln=3718&fr=&fmq=1579421350054_R&fm=result&ic=&s=undefined&hd=&latest=&copyright=&se=&sme=&tab=0&width=&height=&face=undefined&ist=&jit=&cg=head&bdtype=0&oriquery=&objurl=http%3A%2F%2Fimg2.woyaogexing.com%2F2018%2F03%2F10%2F9a68831f24d2985b!360x360_big.jpg&fromurl=ippr_z2C%24qAzdH3FAzdH3Fooo_z%26e3Bo5yw52jxtg2_z%26e3Bv54AzdH3Fp57xtwg2AzdH3FojtxtgAzdH3Fda8bAzdH3Fclmaac_z%26e3Bip4s&gsm=&rpstart=0&rpnum=0&islist=&querylist=&force=undefined', null, null, null, '120181080703');
INSERT INTO voluntize.image (id, name, url, activity, comment, department, student) VALUES ('c29d3122-6e2e-4c21-bec8-f9671bf67de8', null, 'https://image.baidu.com/search/detail?ct=503316480&z=0&ipn=false&word=%E5%A4%B4%E5%83%8F&step_word=&hs=0&pn=42&spn=0&di=53570&pi=0&rn=1&tn=baiduimagedetail&is=0%2C0&istype=2&ie=utf-8&oe=utf-8&in=&cl=2&lm=-1&st=-1&cs=3117110987%2C173625746&os=2075175500%2C824963435&simid=0%2C0&adpicid=0&lpn=0&ln=3718&fr=&fmq=1579421350054_R&fm=result&ic=&s=undefined&hd=&latest=&copyright=&se=&sme=&tab=0&width=&height=&face=undefined&ist=&jit=&cg=head&bdtype=0&oriquery=&objurl=http%3A%2F%2Fimg2.woyaogexing.com%2F2018%2F03%2F10%2F9a68831f24d2985b!360x360_big.jpg&fromurl=ippr_z2C%24qAzdH3FAzdH3Fooo_z%26e3Bo5yw52jxtg2_z%26e3Bv54AzdH3Fp57xtwg2AzdH3FojtxtgAzdH3Fda8bAzdH3Fclmaac_z%26e3Bip4s&gsm=&rpstart=0&rpnum=0&islist=&querylist=&force=undefined', null, null, null, '120181080703');
INSERT INTO voluntize.image (id, name, url, activity, comment, department, student) VALUES ('efe97264-f429-4a69-947a-8f3fedb21ecc', null, 'https://image.baidu.com/search/detail?ct=503316480&z=0&ipn=false&word=%E5%A4%B4%E5%83%8F&step_word=&hs=0&pn=42&spn=0&di=53570&pi=0&rn=1&tn=baiduimagedetail&is=0%2C0&istype=2&ie=utf-8&oe=utf-8&in=&cl=2&lm=-1&st=-1&cs=3117110987%2C173625746&os=2075175500%2C824963435&simid=0%2C0&adpicid=0&lpn=0&ln=3718&fr=&fmq=1579421350054_R&fm=result&ic=&s=undefined&hd=&latest=&copyright=&se=&sme=&tab=0&width=&height=&face=undefined&ist=&jit=&cg=head&bdtype=0&oriquery=&objurl=http%3A%2F%2Fimg2.woyaogexing.com%2F2018%2F03%2F10%2F9a68831f24d2985b!360x360_big.jpg&fromurl=ippr_z2C%24qAzdH3FAzdH3Fooo_z%26e3Bo5yw52jxtg2_z%26e3Bv54AzdH3Fp57xtwg2AzdH3FojtxtgAzdH3Fda8bAzdH3Fclmaac_z%26e3Bip4s&gsm=&rpstart=0&rpnum=0&islist=&querylist=&force=undefined', null, null, null, '120181080703');
INSERT INTO voluntize.image (id, name, url, activity, comment, department, student) VALUES ('f9e5f700-1130-48d8-9611-fe41fa701790', null, 'https://image.baidu.com/search/detail?ct=503316480&z=0&ipn=false&word=%E5%A4%B4%E5%83%8F&step_word=&hs=0&pn=42&spn=0&di=53570&pi=0&rn=1&tn=baiduimagedetail&is=0%2C0&istype=2&ie=utf-8&oe=utf-8&in=&cl=2&lm=-1&st=-1&cs=3117110987%2C173625746&os=2075175500%2C824963435&simid=0%2C0&adpicid=0&lpn=0&ln=3718&fr=&fmq=1579421350054_R&fm=result&ic=&s=undefined&hd=&latest=&copyright=&se=&sme=&tab=0&width=&height=&face=undefined&ist=&jit=&cg=head&bdtype=0&oriquery=&objurl=http%3A%2F%2Fimg2.woyaogexing.com%2F2018%2F03%2F10%2F9a68831f24d2985b!360x360_big.jpg&fromurl=ippr_z2C%24qAzdH3FAzdH3Fooo_z%26e3Bo5yw52jxtg2_z%26e3Bv54AzdH3Fp57xtwg2AzdH3FojtxtgAzdH3Fda8bAzdH3Fclmaac_z%26e3Bip4s&gsm=&rpstart=0&rpnum=0&islist=&querylist=&force=undefined', null, null, null, '120181080703');
INSERT INTO voluntize.record (id, audit_level, comments, evaluation, info, is_passed, stars, status_id, the_period, volunteer) VALUES ('01', 3, '老师很棒', '认真', '我可以的', 1, 4, 2, '2', '120181080701');
INSERT INTO voluntize.record (id, audit_level, comments, evaluation, info, is_passed, stars, status_id, the_period, volunteer) VALUES ('02', 0, null, '被录取而一直未到', '玩耍……', 1, 0, 2, '1', '120181080702');
INSERT INTO voluntize.record (id, audit_level, comments, evaluation, info, is_passed, stars, status_id, the_period, volunteer) VALUES ('04', null, null, null, '喔喔', 1, 0, 1, '2', '120171020203');
INSERT INTO voluntize.record (id, audit_level, comments, evaluation, info, is_passed, stars, status_id, the_period, volunteer) VALUES ('05', null, null, null, '试试吧', 0, 0, 0, '1', '120181080704');
INSERT INTO voluntize.record (id, audit_level, comments, evaluation, info, is_passed, stars, status_id, the_period, volunteer) VALUES ('07', null, 'qwet', 'qwer', 'qwer', 0, 3, 2, '3', '120171020201');
INSERT INTO voluntize.record (id, audit_level, comments, evaluation, info, is_passed, stars, status_id, the_period, volunteer) VALUES ('08', null, null, null, 'jh', null, 0, 0, '14', '120171020201');
INSERT INTO voluntize.record (id, audit_level, comments, evaluation, info, is_passed, stars, status_id, the_period, volunteer) VALUES ('09', null, null, null, 'jk', null, 0, 0, '14', '120171020202');
INSERT INTO voluntize.record (id, audit_level, comments, evaluation, info, is_passed, stars, status_id, the_period, volunteer) VALUES ('10', null, null, null, '胡', null, 0, 0, '14', '120171020203');
INSERT INTO voluntize.record (id, audit_level, comments, evaluation, info, is_passed, stars, status_id, the_period, volunteer) VALUES ('11', null, null, null, '就', null, 0, 0, '14', '120171020204');
INSERT INTO voluntize.record (id, audit_level, comments, evaluation, info, is_passed, stars, status_id, the_period, volunteer) VALUES ('12', null, null, null, '看了吗', null, 0, 0, '14', '120181080701');
INSERT INTO voluntize.record (id, audit_level, comments, evaluation, info, is_passed, stars, status_id, the_period, volunteer) VALUES ('13', null, null, null, '没见你吗', null, 0, 0, '14', '120181080702');
INSERT INTO voluntize.record (id, audit_level, comments, evaluation, info, is_passed, stars, status_id, the_period, volunteer) VALUES ('14', null, null, null, '金口难开 ', null, 0, 0, '14', '120181080703');
INSERT INTO voluntize.record (id, audit_level, comments, evaluation, info, is_passed, stars, status_id, the_period, volunteer) VALUES ('15', null, null, null, null, null, 0, 0, '15', '120181080704');
INSERT INTO voluntize.record (id, audit_level, comments, evaluation, info, is_passed, stars, status_id, the_period, volunteer) VALUES ('16', null, null, null, '看了吗', null, 0, 0, '15', '120181080709');
INSERT INTO voluntize.record (id, audit_level, comments, evaluation, info, is_passed, stars, status_id, the_period, volunteer) VALUES ('17', null, null, null, 'klk', null, 0, 0, '15', '120171020201');
INSERT INTO voluntize.record (id, audit_level, comments, evaluation, info, is_passed, stars, status_id, the_period, volunteer) VALUES ('18', null, null, null, '李', null, 0, 0, '15', '120171020202');
INSERT INTO voluntize.record (id, audit_level, comments, evaluation, info, is_passed, stars, status_id, the_period, volunteer) VALUES ('19', null, null, null, '就', null, 0, 0, '15', '120171020203');
INSERT INTO voluntize.record (id, audit_level, comments, evaluation, info, is_passed, stars, status_id, the_period, volunteer) VALUES ('20', null, null, null, '546', null, 0, 0, '15', '120171020204');
INSERT INTO voluntize.record (id, audit_level, comments, evaluation, info, is_passed, stars, status_id, the_period, volunteer) VALUES ('21', null, null, null, '你可就', null, 0, 0, '15', '120181080701');
INSERT INTO voluntize.record (id, audit_level, comments, evaluation, info, is_passed, stars, status_id, the_period, volunteer) VALUES ('22', null, null, null, 'jk', 1, 0, 1, '25', '120181080701');
INSERT INTO voluntize.record (id, audit_level, comments, evaluation, info, is_passed, stars, status_id, the_period, volunteer) VALUES ('23', null, null, null, '何况', 1, 0, 1, '20', '120171020203');
INSERT INTO voluntize.record (id, audit_level, comments, evaluation, info, is_passed, stars, status_id, the_period, volunteer) VALUES ('24', null, null, null, '好几款', 1, 0, 1, '20', '120171020204');
INSERT INTO voluntize.record (id, audit_level, comments, evaluation, info, is_passed, stars, status_id, the_period, volunteer) VALUES ('25', null, null, null, '接口 ', 1, 0, 1, '22', '120181080701');
INSERT INTO voluntize.record (id, audit_level, comments, evaluation, info, is_passed, stars, status_id, the_period, volunteer) VALUES ('26', null, null, null, null, 1, 0, 1, '23', '120181080701');
INSERT INTO voluntize.record (id, audit_level, comments, evaluation, info, is_passed, stars, status_id, the_period, volunteer) VALUES ('27', null, null, null, '接口', 1, 0, 1, '22', '120181080706');
INSERT INTO voluntize.record (id, audit_level, comments, evaluation, info, is_passed, stars, status_id, the_period, volunteer) VALUES ('28', null, null, null, '就', 1, 0, 1, '26', '120181080705');
INSERT INTO voluntize.record (id, audit_level, comments, evaluation, info, is_passed, stars, status_id, the_period, volunteer) VALUES ('29', null, null, null, 'j', 1, 0, 1, '27', '120181080704');
INSERT INTO voluntize.record (id, audit_level, comments, evaluation, info, is_passed, stars, status_id, the_period, volunteer) VALUES ('30', 3, 'sdfsdf', null, 'jbvcdf', 1, 4, 2, '36', '120181080701');
INSERT INTO voluntize.record (id, audit_level, comments, evaluation, info, is_passed, stars, status_id, the_period, volunteer) VALUES ('31', 3, 'sdfd', null, 'dfdf ', 1, 4, 2, '36', '120181080702');
INSERT INTO voluntize.record (id, audit_level, comments, evaluation, info, is_passed, stars, status_id, the_period, volunteer) VALUES ('32', 3, 'sfd ', null, ' df ', 1, 4, 2, '36', '120181080703');
INSERT INTO voluntize.record (id, audit_level, comments, evaluation, info, is_passed, stars, status_id, the_period, volunteer) VALUES ('33', 3, 'sdfdf ', null, '地方', 1, 4, 2, '36', '120181080704');
INSERT INTO voluntize.record (id, audit_level, comments, evaluation, info, is_passed, stars, status_id, the_period, volunteer) VALUES ('34', 2, '顺丰到付VB', null, '地方', 1, 3, 2, '37', '120181080701');
INSERT INTO voluntize.record (id, audit_level, comments, evaluation, info, is_passed, stars, status_id, the_period, volunteer) VALUES ('35', 2, 'sfd ', null, null, 1, 3, 2, '37', '120181080702');
INSERT INTO voluntize.record (id, audit_level, comments, evaluation, info, is_passed, stars, status_id, the_period, volunteer) VALUES ('36', 2, 'fdsd', null, 'dfs ', 1, 3, 2, '38', '120181080701');
INSERT INTO voluntize.record (id, audit_level, comments, evaluation, info, is_passed, stars, status_id, the_period, volunteer) VALUES ('37', 2, null, null, null, 1, 0, 2, '38', '120181080702');
INSERT INTO voluntize.record (id, audit_level, comments, evaluation, info, is_passed, stars, status_id, the_period, volunteer) VALUES ('38', 2, 'sdfs', null, null, 1, 3, 2, '39', '120181080704');
INSERT INTO voluntize.record (id, audit_level, comments, evaluation, info, is_passed, stars, status_id, the_period, volunteer) VALUES ('39', 1, 'fds', null, 'sdf ', 1, 3, 2, '39', '120181080701');
INSERT INTO voluntize.record (id, audit_level, comments, evaluation, info, is_passed, stars, status_id, the_period, volunteer) VALUES ('40', 0, 'sdf', '偷懒', null, 1, 4, 2, '36', '120171020204');
INSERT INTO voluntize.student (id, class, email, grade, id_num, major, name, password, phone_num, school, total_duration, gender) VALUES ('120171020201', '电气1710', 'Macswelle@outlook.com', '2017', '', '电气工程及其自动化', '葛翰臣', '123456', null, '电气学院', 0, '男');
INSERT INTO voluntize.student (id, class, email, grade, id_num, major, name, password, phone_num, school, total_duration, gender) VALUES ('120171020202', '电信1702', '1476193741@qq.com', '2017', null, '电信类', 'student9', '123456', null, '电气学院', 0, '男');
INSERT INTO voluntize.student (id, class, email, grade, id_num, major, name, password, phone_num, school, total_duration, gender) VALUES ('120171020203', '信安1802', '1476193741@qq.com', '2018', null, '信息安全', '谢沅伯', '123456', null, '控计学院', 0, '男');
INSERT INTO voluntize.student (id, class, email, grade, id_num, major, name, password, phone_num, school, total_duration, gender) VALUES ('120171020204', '计算1802', '1476193741@qq.com', '2018', null, '计算机科学与技术', '许奕晞', '123456', null, '控计学院', 0, '男');
INSERT INTO voluntize.student (id, class, email, grade, id_num, major, name, password, phone_num, school, total_duration, gender) VALUES ('120181080701', '软件1802', '1201811080701@ncepu.edu.cn', '2018', null, '软件工程', '邵博深', '123456', '15311780285', '控计学院', 30, '男');
INSERT INTO voluntize.student (id, class, email, grade, id_num, major, name, password, phone_num, school, total_duration, gender) VALUES ('120181080702', '软件1802', '1476193741@qq.com', '2018', null, '软件工程', 'student2', '123456', '15311780285', '控计学院', 20, '女');
INSERT INTO voluntize.student (id, class, email, grade, id_num, major, name, password, phone_num, school, total_duration, gender) VALUES ('120181080703', '软件1802', '1476193741@qq.com', '2018', null, '软件工程', 'student3', '123456', '15311780285', '控计学院', 10, '女');
INSERT INTO voluntize.student (id, class, email, grade, id_num, major, name, password, phone_num, school, total_duration, gender) VALUES ('120181080704', '信安1801', '1476193741@qq.com', '2018', null, '信息安全', 'student3', '123456', '15311780285', '控计学院', 15, '女');
INSERT INTO voluntize.student (id, class, email, grade, id_num, major, name, password, phone_num, school, total_duration, gender) VALUES ('120181080705', '计算1807', '1476193741@qq.com', '2018', null, '计算机类', 'student4', '123456', null, '控计学院', 0, '女');
INSERT INTO voluntize.student (id, class, email, grade, id_num, major, name, password, phone_num, school, total_duration, gender) VALUES ('120181080706', '计算1807', '1476193741@qq.com', '2018', null, '计算机类', 'student5', '123456', null, '控计学院', 0, '女');
INSERT INTO voluntize.student (id, class, email, grade, id_num, major, name, password, phone_num, school, total_duration, gender) VALUES ('120181080707', '计算1807', '1476193741@qq.com', '2018', null, '计算机类', 'student6', '123456', null, '控计学院', 0, '男');
INSERT INTO voluntize.student (id, class, email, grade, id_num, major, name, password, phone_num, school, total_duration, gender) VALUES ('120181080708', '计算1807', '1476193741@qq.com', '2018', null, '计算机类', 'student7', '123456', null, '控计学院', 0, '男');
INSERT INTO voluntize.student (id, class, email, grade, id_num, major, name, password, phone_num, school, total_duration, gender) VALUES ('120181080709', '计算1807', '1476193741@qq.com', '2018', null, '计算机类', 'student8', '123456', null, '控计学院', 0, '男');
