INSERT INTO voluntize.activity (id, description, name, semester, status_id, department) VALUES ('001', '搬运书籍，贴标签等', '2019图书馆公益活动', '2019-2020第一学期', 0, '6177001');
INSERT INTO voluntize.activity (id, description, name, semester, status_id, department) VALUES ('002', '需要电院学生，整理仪器，打扫卫生等', '2019电子实验中心公益活动', '2019-2020第一学期', 0, '6177002');
INSERT INTO voluntize.activity (id, description, name, semester, status_id, department) VALUES ('003', '为了增强学生实践精神，并减小学校各部门工作负担。。。', '2018图书馆公益活动', '2018-2019第二学期', 4, '6177001');
INSERT INTO voluntize.activity_period (id, amount_required, end_date, equ_duration, requirements, start_date, period, parent) VALUES ('1', 20, '2020-01-19 18:22:58', 20, '男生搬书', '2020-01-10 18:23:37', '上午8点开始，下午不用来', '1001');
INSERT INTO voluntize.activity_period (id, amount_required, end_date, equ_duration, requirements, start_date, period, parent) VALUES ('2', 10, '2020-01-19 18:25:25', 20, '女生贴标签', '2020-01-13 18:26:00', '下午2点开始，上午不用来', '1001');
INSERT INTO voluntize.activity_period (id, amount_required, end_date, equ_duration, requirements, start_date, period, parent) VALUES ('3', 30, '2020-01-19 18:27:15', 40, '电院学生，焊接运放', '2020-01-10 18:27:58', '上午9点至中午12点', '1004');
INSERT INTO voluntize.activity_station (id, description, linkman, station_name, phone_num, parent_activity) VALUES ('1001', 'adoifudnxiudsaoyfuiaofnyuadiof', '张三', '主C 101', '61772591', '001');
INSERT INTO voluntize.activity_station (id, description, linkman, station_name, phone_num, parent_activity) VALUES ('1002', '任意内容', '李四', '图书馆主馆101', '61773253', '001');
INSERT INTO voluntize.activity_station (id, description, linkman, station_name, phone_num, parent_activity) VALUES ('1003', '任意内容', '王五', '图书馆主馆305', '61773241', '001');
INSERT INTO voluntize.activity_station (id, description, linkman, station_name, phone_num, parent_activity) VALUES ('1004', '', '赵东', '教五D306', '61773008', '002');
INSERT INTO voluntize.comment (id, description, time, activity, department, parent_comment, student) VALUES ('3001', '老师很棒', '2019-03-13 12:30:13', '001', '6177001', null, '120181080701');
INSERT INTO voluntize.comment (id, description, time, activity, department, parent_comment, student) VALUES ('3002', '认真', '2019-03-13 09:51:00', '001', '6177001', null, null);
INSERT INTO voluntize.comment (id, description, time, activity, department, parent_comment, student) VALUES ('3003', '被录取而一直未到', '2019-02-10 14:23:32', '002', '6177002', null, null);
INSERT INTO voluntize.department (id, email, manager, name, password, phone_num) VALUES ('6177001', null, null, '图书馆（主）', '123456', null);
INSERT INTO voluntize.department (id, email, manager, name, password, phone_num) VALUES ('6177002', null, null, '图书馆（C）', '123456', null);
INSERT INTO voluntize.department (id, email, manager, name, password, phone_num) VALUES ('6177003', null, null, '教务处', '123456', null);
INSERT INTO voluntize.department (id, email, manager, name, password, phone_num) VALUES ('6177004', null, null, '财务处', '123456', null);
INSERT INTO voluntize.image (id, name, url, activity, comment, department, student) VALUES ('4001', null, 'https://image.baidu.com/search/detail?ct=503316480&z=0&ipn=false&word=%E5%A4%B4%E5%83%8F&step_word=&hs=0&pn=42&spn=0&di=53570&pi=0&rn=1&tn=baiduimagedetail&is=0%2C0&istype=2&ie=utf-8&oe=utf-8&in=&cl=2&lm=-1&st=-1&cs=3117110987%2C173625746&os=2075175500%2C824963435&simid=0%2C0&adpicid=0&lpn=0&ln=3718&fr=&fmq=1579421350054_R&fm=result&ic=&s=undefined&hd=&latest=&copyright=&se=&sme=&tab=0&width=&height=&face=undefined&ist=&jit=&cg=head&bdtype=0&oriquery=&objurl=http%3A%2F%2Fimg2.woyaogexing.com%2F2018%2F03%2F10%2F9a68831f24d2985b!360x360_big.jpg&fromurl=ippr_z2C%24qAzdH3FAzdH3Fooo_z%26e3Bo5yw52jxtg2_z%26e3Bv54AzdH3Fp57xtwg2AzdH3FojtxtgAzdH3Fda8bAzdH3Fclmaac_z%26e3Bip4s&gsm=&rpstart=0&rpnum=0&islist=&querylist=&force=undefined', null, null, null, '120181080701');
INSERT INTO voluntize.image (id, name, url, activity, comment, department, student) VALUES ('4002', null, 'https://image.baidu.com/search/detail?ct=503316480&z=0&ipn=false&word=%E5%A4%B4%E5%83%8F&step_word=&hs=0&pn=42&spn=0&di=53570&pi=0&rn=1&tn=baiduimagedetail&is=0%2C0&istype=2&ie=utf-8&oe=utf-8&in=&cl=2&lm=-1&st=-1&cs=3117110987%2C173625746&os=2075175500%2C824963435&simid=0%2C0&adpicid=0&lpn=0&ln=3718&fr=&fmq=1579421350054_R&fm=result&ic=&s=undefined&hd=&latest=&copyright=&se=&sme=&tab=0&width=&height=&face=undefined&ist=&jit=&cg=head&bdtype=0&oriquery=&objurl=http%3A%2F%2Fimg2.woyaogexing.com%2F2018%2F03%2F10%2F9a68831f24d2985b!360x360_big.jpg&fromurl=ippr_z2C%24qAzdH3FAzdH3Fooo_z%26e3Bo5yw52jxtg2_z%26e3Bv54AzdH3Fp57xtwg2AzdH3FojtxtgAzdH3Fda8bAzdH3Fclmaac_z%26e3Bip4s&gsm=&rpstart=0&rpnum=0&islist=&querylist=&force=undefined', null, null, null, '120181080702');
INSERT INTO voluntize.image (id, name, url, activity, comment, department, student) VALUES ('4003', null, 'https://image.baidu.com/search/detail?ct=503316480&z=0&ipn=false&word=%E5%A4%B4%E5%83%8F&step_word=&hs=0&pn=42&spn=0&di=53570&pi=0&rn=1&tn=baiduimagedetail&is=0%2C0&istype=2&ie=utf-8&oe=utf-8&in=&cl=2&lm=-1&st=-1&cs=3117110987%2C173625746&os=2075175500%2C824963435&simid=0%2C0&adpicid=0&lpn=0&ln=3718&fr=&fmq=1579421350054_R&fm=result&ic=&s=undefined&hd=&latest=&copyright=&se=&sme=&tab=0&width=&height=&face=undefined&ist=&jit=&cg=head&bdtype=0&oriquery=&objurl=http%3A%2F%2Fimg2.woyaogexing.com%2F2018%2F03%2F10%2F9a68831f24d2985b!360x360_big.jpg&fromurl=ippr_z2C%24qAzdH3FAzdH3Fooo_z%26e3Bo5yw52jxtg2_z%26e3Bv54AzdH3Fp57xtwg2AzdH3FojtxtgAzdH3Fda8bAzdH3Fclmaac_z%26e3Bip4s&gsm=&rpstart=0&rpnum=0&islist=&querylist=&force=undefined', null, null, null, '120181080703');
INSERT INTO voluntize.image (id, name, url, activity, comment, department, student) VALUES ('4004', null, 'https://image.baidu.com/search/detail?ct=503316480&z=0&ipn=false&word=%E5%A4%B4%E5%83%8F&step_word=&hs=0&pn=42&spn=0&di=53570&pi=0&rn=1&tn=baiduimagedetail&is=0%2C0&istype=2&ie=utf-8&oe=utf-8&in=&cl=2&lm=-1&st=-1&cs=3117110987%2C173625746&os=2075175500%2C824963435&simid=0%2C0&adpicid=0&lpn=0&ln=3718&fr=&fmq=1579421350054_R&fm=result&ic=&s=undefined&hd=&latest=&copyright=&se=&sme=&tab=0&width=&height=&face=undefined&ist=&jit=&cg=head&bdtype=0&oriquery=&objurl=http%3A%2F%2Fimg2.woyaogexing.com%2F2018%2F03%2F10%2F9a68831f24d2985b!360x360_big.jpg&fromurl=ippr_z2C%24qAzdH3FAzdH3Fooo_z%26e3Bo5yw52jxtg2_z%26e3Bv54AzdH3Fp57xtwg2AzdH3FojtxtgAzdH3Fda8bAzdH3Fclmaac_z%26e3Bip4s&gsm=&rpstart=0&rpnum=0&islist=&querylist=&force=undefined', null, null, null, '120181080704');
INSERT INTO voluntize.image (id, name, url, activity, comment, department, student) VALUES ('4005', null, 'https://image.baidu.com/search/detail?ct=503316480&z=0&ipn=false&word=%E5%A4%B4%E5%83%8F&step_word=&hs=0&pn=42&spn=0&di=53570&pi=0&rn=1&tn=baiduimagedetail&is=0%2C0&istype=2&ie=utf-8&oe=utf-8&in=&cl=2&lm=-1&st=-1&cs=3117110987%2C173625746&os=2075175500%2C824963435&simid=0%2C0&adpicid=0&lpn=0&ln=3718&fr=&fmq=1579421350054_R&fm=result&ic=&s=undefined&hd=&latest=&copyright=&se=&sme=&tab=0&width=&height=&face=undefined&ist=&jit=&cg=head&bdtype=0&oriquery=&objurl=http%3A%2F%2Fimg2.woyaogexing.com%2F2018%2F03%2F10%2F9a68831f24d2985b!360x360_big.jpg&fromurl=ippr_z2C%24qAzdH3FAzdH3Fooo_z%26e3Bo5yw52jxtg2_z%26e3Bv54AzdH3Fp57xtwg2AzdH3FojtxtgAzdH3Fda8bAzdH3Fclmaac_z%26e3Bip4s&gsm=&rpstart=0&rpnum=0&islist=&querylist=&force=undefined', null, null, null, '120171020204');
INSERT INTO voluntize.image (id, name, url, activity, comment, department, student) VALUES ('4006', null, 'https://image.baidu.com/search/detail?ct=503316480&z=0&ipn=false&word=%E5%A4%B4%E5%83%8F&step_word=&hs=0&pn=42&spn=0&di=53570&pi=0&rn=1&tn=baiduimagedetail&is=0%2C0&istype=2&ie=utf-8&oe=utf-8&in=&cl=2&lm=-1&st=-1&cs=3117110987%2C173625746&os=2075175500%2C824963435&simid=0%2C0&adpicid=0&lpn=0&ln=3718&fr=&fmq=1579421350054_R&fm=result&ic=&s=undefined&hd=&latest=&copyright=&se=&sme=&tab=0&width=&height=&face=undefined&ist=&jit=&cg=head&bdtype=0&oriquery=&objurl=http%3A%2F%2Fimg2.woyaogexing.com%2F2018%2F03%2F10%2F9a68831f24d2985b!360x360_big.jpg&fromurl=ippr_z2C%24qAzdH3FAzdH3Fooo_z%26e3Bo5yw52jxtg2_z%26e3Bv54AzdH3Fp57xtwg2AzdH3FojtxtgAzdH3Fda8bAzdH3Fclmaac_z%26e3Bip4s&gsm=&rpstart=0&rpnum=0&islist=&querylist=&force=undefined', null, null, null, '120171020203');
INSERT INTO voluntize.image (id, name, url, activity, comment, department, student) VALUES ('4007', null, 'https://image.baidu.com/search/detail?ct=503316480&z=0&ipn=false&word=%E5%A4%B4%E5%83%8F&step_word=&hs=0&pn=42&spn=0&di=53570&pi=0&rn=1&tn=baiduimagedetail&is=0%2C0&istype=2&ie=utf-8&oe=utf-8&in=&cl=2&lm=-1&st=-1&cs=3117110987%2C173625746&os=2075175500%2C824963435&simid=0%2C0&adpicid=0&lpn=0&ln=3718&fr=&fmq=1579421350054_R&fm=result&ic=&s=undefined&hd=&latest=&copyright=&se=&sme=&tab=0&width=&height=&face=undefined&ist=&jit=&cg=head&bdtype=0&oriquery=&objurl=http%3A%2F%2Fimg2.woyaogexing.com%2F2018%2F03%2F10%2F9a68831f24d2985b!360x360_big.jpg&fromurl=ippr_z2C%24qAzdH3FAzdH3Fooo_z%26e3Bo5yw52jxtg2_z%26e3Bv54AzdH3Fp57xtwg2AzdH3FojtxtgAzdH3Fda8bAzdH3Fclmaac_z%26e3Bip4s&gsm=&rpstart=0&rpnum=0&islist=&querylist=&force=undefined', null, null, null, '120171020201');
INSERT INTO voluntize.image (id, name, url, activity, comment, department, student) VALUES ('4008', null, 'https://image.baidu.com/search/detail?ct=503316480&z=0&ipn=false&word=%E5%A4%B4%E5%83%8F&step_word=&hs=0&pn=36&spn=0&di=224840&pi=0&rn=1&tn=baiduimagedetail&is=0%2C0&istype=2&ie=utf-8&oe=utf-8&in=&cl=2&lm=-1&st=-1&cs=4163580791%2C1286387910&os=1384471263%2C3542048267&simid=0%2C0&adpicid=0&lpn=0&ln=3718&fr=&fmq=1579421350054_R&fm=result&ic=&s=undefined&hd=&latest=&copyright=&se=&sme=&tab=0&width=&height=&face=undefined&ist=&jit=&cg=head&bdtype=0&oriquery=&objurl=http%3A%2F%2Fb-ssl.duitang.com%2Fuploads%2Fitem%2F201610%2F15%2F20161015073047_nTMaz.thumb.700_0.jpeg&fromurl=ippr_z2C%24qAzdH3FAzdH3Fooo_z%26e3B17tpwg2_z%26e3Bv54AzdH3Fks52AzdH3F%3Ft1%3D08888ambb&gsm=&rpstart=0&rpnum=0&islist=&querylist=&force=undefined', null, null, '6177001', null);
INSERT INTO voluntize.image (id, name, url, activity, comment, department, student) VALUES ('4009', null, 'https://image.baidu.com/search/detail?ct=503316480&z=0&ipn=false&word=%E5%A4%B4%E5%83%8F&step_word=&hs=0&pn=36&spn=0&di=224840&pi=0&rn=1&tn=baiduimagedetail&is=0%2C0&istype=2&ie=utf-8&oe=utf-8&in=&cl=2&lm=-1&st=-1&cs=4163580791%2C1286387910&os=1384471263%2C3542048267&simid=0%2C0&adpicid=0&lpn=0&ln=3718&fr=&fmq=1579421350054_R&fm=result&ic=&s=undefined&hd=&latest=&copyright=&se=&sme=&tab=0&width=&height=&face=undefined&ist=&jit=&cg=head&bdtype=0&oriquery=&objurl=http%3A%2F%2Fb-ssl.duitang.com%2Fuploads%2Fitem%2F201610%2F15%2F20161015073047_nTMaz.thumb.700_0.jpeg&fromurl=ippr_z2C%24qAzdH3FAzdH3Fooo_z%26e3B17tpwg2_z%26e3Bv54AzdH3Fks52AzdH3F%3Ft1%3D08888ambb&gsm=&rpstart=0&rpnum=0&islist=&querylist=&force=undefined', null, null, '6177002', null);
INSERT INTO voluntize.image (id, name, url, activity, comment, department, student) VALUES ('4010', null, 'https://image.baidu.com/search/detail?ct=503316480&z=0&ipn=false&word=%E5%A4%B4%E5%83%8F&step_word=&hs=0&pn=36&spn=0&di=224840&pi=0&rn=1&tn=baiduimagedetail&is=0%2C0&istype=2&ie=utf-8&oe=utf-8&in=&cl=2&lm=-1&st=-1&cs=4163580791%2C1286387910&os=1384471263%2C3542048267&simid=0%2C0&adpicid=0&lpn=0&ln=3718&fr=&fmq=1579421350054_R&fm=result&ic=&s=undefined&hd=&latest=&copyright=&se=&sme=&tab=0&width=&height=&face=undefined&ist=&jit=&cg=head&bdtype=0&oriquery=&objurl=http%3A%2F%2Fb-ssl.duitang.com%2Fuploads%2Fitem%2F201610%2F15%2F20161015073047_nTMaz.thumb.700_0.jpeg&fromurl=ippr_z2C%24qAzdH3FAzdH3Fooo_z%26e3B17tpwg2_z%26e3Bv54AzdH3Fks52AzdH3F%3Ft1%3D08888ambb&gsm=&rpstart=0&rpnum=0&islist=&querylist=&force=undefined', null, null, '6177003', null);
INSERT INTO voluntize.image (id, name, url, activity, comment, department, student) VALUES ('4011', null, 'https://image.baidu.com/search/detail?ct=503316480&z=0&ipn=false&word=%E5%A4%B4%E5%83%8F&step_word=&hs=0&pn=36&spn=0&di=224840&pi=0&rn=1&tn=baiduimagedetail&is=0%2C0&istype=2&ie=utf-8&oe=utf-8&in=&cl=2&lm=-1&st=-1&cs=4163580791%2C1286387910&os=1384471263%2C3542048267&simid=0%2C0&adpicid=0&lpn=0&ln=3718&fr=&fmq=1579421350054_R&fm=result&ic=&s=undefined&hd=&latest=&copyright=&se=&sme=&tab=0&width=&height=&face=undefined&ist=&jit=&cg=head&bdtype=0&oriquery=&objurl=http%3A%2F%2Fb-ssl.duitang.com%2Fuploads%2Fitem%2F201610%2F15%2F20161015073047_nTMaz.thumb.700_0.jpeg&fromurl=ippr_z2C%24qAzdH3FAzdH3Fooo_z%26e3B17tpwg2_z%26e3Bv54AzdH3Fks52AzdH3F%3Ft1%3D08888ambb&gsm=&rpstart=0&rpnum=0&islist=&querylist=&force=undefined', null, null, '6177004', null);
INSERT INTO voluntize.record (id, audit_level, comments, evaluation, info, is_passed, stars, status_id, the_period, volunteer) VALUES ('01', 3, '老师很棒', '认真', '我可以的', 1, 4, 2, '2', '120181080701');
INSERT INTO voluntize.record (id, audit_level, comments, evaluation, info, is_passed, stars, status_id, the_period, volunteer) VALUES ('02', 0, null, '被录取而一直未到', '玩耍……', 1, 0, 2, '1', '120181080702');
INSERT INTO voluntize.record (id, audit_level, comments, evaluation, info, is_passed, stars, status_id, the_period, volunteer) VALUES ('03', null, null, null, '选我', 1, 0, 1, '3', '120171020201');
INSERT INTO voluntize.record (id, audit_level, comments, evaluation, info, is_passed, stars, status_id, the_period, volunteer) VALUES ('04', null, null, null, '喔喔', 1, 0, 1, '2', '120171020203');
INSERT INTO voluntize.record (id, audit_level, comments, evaluation, info, is_passed, stars, status_id, the_period, volunteer) VALUES ('05', null, null, null, '试试吧', 0, 0, 0, '1', '120181080704');
INSERT INTO voluntize.record (id, audit_level, comments, evaluation, info, is_passed, stars, status_id, the_period, volunteer) VALUES ('06', null, null, null, '放心', 0, 0, 0, '1', '120181080703');
INSERT INTO voluntize.student (id, class, email, grade, id_num, major, name, password, phone_num, school, total_duration) VALUES ('120171020201', '电气1710', 'Macswelle@outlook.com', '大三', '341003199908170034', '电气工程及其自动化', '葛翰臣', '123456', null, '电气学院', 0);
INSERT INTO voluntize.student (id, class, email, grade, id_num, major, name, password, phone_num, school, total_duration) VALUES ('120171020203', '信安1802', null, '大二', null, '信息安全', '谢沅伯', '123456', null, '控计学院', 0);
INSERT INTO voluntize.student (id, class, email, grade, id_num, major, name, password, phone_num, school, total_duration) VALUES ('120171020204', '计算1802', null, '大二', null, '计算机科学与技术', '许奕晞', '123456', null, '控计学院', 0);
INSERT INTO voluntize.student (id, class, email, grade, id_num, major, name, password, phone_num, school, total_duration) VALUES ('120181080701', '软件1802', '1201811080701@ncepu.edu.cn', '大二', null, '软件工程', '邵博深', '123456', '15311780285', '控计学院', 30);
INSERT INTO voluntize.student (id, class, email, grade, id_num, major, name, password, phone_num, school, total_duration) VALUES ('120181080702', '软件1802', '1476193741@qq.com', '大二', null, '软件工程', 'test_A', '123456', '15311780285', '控计学院', 20);
INSERT INTO voluntize.student (id, class, email, grade, id_num, major, name, password, phone_num, school, total_duration) VALUES ('120181080703', '软件1802', '1476193741@qq.com', '大二', null, '软件工程', 'test_B', '123456', '15311780285', '控计学院', 10);
INSERT INTO voluntize.student (id, class, email, grade, id_num, major, name, password, phone_num, school, total_duration) VALUES ('120181080704', '信安1801', '1476193741@qq.com', '大二', null, '信息安全', 'terst_C', '123456', '15311780285', '控计学院', 15);
